{
  "train_loss": [
    2.4463530968303,
    2.151851021957484,
    2.0189299184092033,
    1.9992941818716516,
    1.9255541130232563,
    1.8091097486780046,
    1.9295032874336606,
    1.8156766805674707,
    1.7410166566325507,
    1.8144397926093119,
    1.7003719490974292,
    1.6309810640478415,
    1.60101448798838,
    1.5917032686171353
  ],
  "val_loss": [
    2.268774136134556,
    1.8551097004754202,
    2.1628652552195957,
    1.791143948010036,
    1.7164764070510865,
    1.7697747993469237,
    1.7613036489486695,
    3.5304318162373134,
    1.6925568948473249,
    1.7772262832096646,
    1.9555991867610387,
    2.1964966590063915,
    1.9036857237134661,
    2.091976344244821
  ],
  "val_acc": [
    0.6756580991294763,
    0.7246114487982274,
    0.7889105015046607,
    0.7272950637664577,
    0.7669113333815327,
    0.6913907292574772,
    0.763316098542002,
    0.6515432857136869,
    0.7432699244421439,
    0.8092305916061728,
    0.766135492720488,
    0.7129524460166309,
    0.7740902552788861,
    0.764345815764988
  ],
  "epoch_times": [
    100.31466817855835,
    100.43222665786743,
    99.59945487976074,
    98.93564176559448,
    99.6204183101654,
    99.7223219871521,
    100.2055344581604,
    99.53754019737244,
    99.28958058357239,
    99.50330567359924,
    101.01918530464172,
    99.44674301147461,
    99.27066802978516,
    99.78482222557068
  ],
  "val_miou": [
    0.23036990094255091,
    0.2928174456855813,
    0.2642931620583381,
    0.31179008946958403,
    0.33027603772547504,
    0.28250606990257765,
    0.32391279099691356,
    0.17179938743966128,
    0.3168607622841648,
    0.35681601292171905,
    0.3289434578826943,
    0.29637565089638895,
    0.3385463560610911,
    0.32747994785121753
  ],
  "val_mf1": [
    0.31281167609708993,
    0.3969699298105529,
    0.3420735928417685,
    0.4201838745462819,
    0.43971236668928587,
    0.3889073796826505,
    0.43102194673662303,
    0.20968351341511457,
    0.4260368783869352,
    0.4643508590691619,
    0.4382500975409661,
    0.3993901198396693,
    0.44531994848480555,
    0.4341962615407796
  ]
}