{
  "train_loss": [
    2.277927968447,
    2.1488938513466977,
    2.0718611600227406,
    2.0052194551625044,
    1.9538557319524548,
    1.9002656993848699,
    1.84933449397426,
    1.8230611138777693,
    1.793175983990194,
    1.7606438750754443,
    1.7348936341261096,
    1.7152715642941165,
    1.6842542546213133,
    1.6581818067201828,
    1.6403931345320115,
    1.6207765395849634,
    1.5955886723176016,
    1.5782287667487314,
    1.554171319405058,
    1.5418636636423169
  ],
  "val_loss": [
    2.0615352855409896,
    1.985822695323399,
    1.9055116721561978,
    3.0443275887625556,
    1.956779317855835,
    1.8792907067707607,
    1.8615403406960624,
    1.8302921737943376,
    2.0229053367887224,
    1.7548823165893555,
    2.115071633202689,
    1.7499951948438373,
    1.886186272757394,
    1.7926230675833565,
    1.7699383340563093,
    1.7039484071731568,
    1.766517561844417,
    1.803215798309871,
    1.7794832931246076,
    1.7395638608932495
  ],
  "val_acc": [
    0.7549619006155557,
    0.6561270237651164,
    0.7044463259979379,
    0.4324831655608738,
    0.7749653326424747,
    0.7764299908421071,
    0.7307501316752727,
    0.7670025259298998,
    0.6429608171760439,
    0.8244319910314121,
    0.7695788927855921,
    0.8189335988144336,
    0.8129538561994255,
    0.7695183051331701,
    0.7815065070112717,
    0.7920812189323196,
    0.7388709727275014,
    0.8231904626063182,
    0.7794531520685243,
    0.807100538873195
  ],
  "epoch_times": [
    90.73354744911194,
    90.07926630973816,
    90.05219864845276,
    89.95347046852112,
    89.94018054008484,
    89.94513249397278,
    89.86123251914978,
    90.16340041160583,
    89.9432065486908,
    90.03446292877197,
    90.29407286643982,
    90.08778476715088,
    90.11591243743896,
    90.15150856971741,
    90.18091440200806,
    90.20517563819885,
    90.16300797462463,
    90.27610087394714,
    90.10508942604065,
    90.09739208221436
  ],
  "val_miou": [
    0.2381693242226064,
    0.2318098114831281,
    0.2703358699895263,
    0.1344483045769094,
    0.3003349975152227,
    0.3166804045665394,
    0.3061676824730478,
    0.3111965682166377,
    0.2503807959061618,
    0.36220970408010666,
    0.28997089454664754,
    0.3530361366620781,
    0.3469118580410869,
    0.3235238079499086,
    0.3389580610256179,
    0.3561341866774738,
    0.31112999307898526,
    0.356509065429828,
    0.34046099327901996,
    0.35866115505310064
  ],
  "val_mf1": [
    0.31194399862650507,
    0.32518576770820307,
    0.37060196658324207,
    0.19890439696726075,
    0.39341221102356494,
    0.4177409701683958,
    0.4119567234826732,
    0.4135794723309279,
    0.35026444246299004,
    0.4674056584530111,
    0.3840725534715162,
    0.45844444831074443,
    0.45220365191833717,
    0.4296414978622557,
    0.4448826216804922,
    0.46554802455371735,
    0.4207364499862951,
    0.46270513999868224,
    0.4452495754380573,
    0.46695378388581393
  ]
}