{
  "train_loss": [
    2.646891746870691,
    2.5412575987573662,
    2.2942367300505873,
    2.176804745666794,
    2.0826195019194853,
    2.02126302909074,
    1.9718577343179609,
    1.9080647284653243,
    1.8445903417372282,
    1.8235648957891883,
    1.7634563325702362,
    1.7000059620078845
  ],
  "val_loss": [
    2.5264336477007183,
    2.401604788643973,
    2.1255013656616213,
    2.099311925343105,
    1.9432797922406877,
    1.9790644563947406,
    1.9395025219236102,
    2.0020936352866037,
    1.9582023007529124,
    2.1091882038116454,
    2.006005868230547,
    2.097595797947475
  ],
  "val_acc": [
    0.06911118143106224,
    0.7912467770992601,
    0.6276823052009288,
    0.6405790489971723,
    0.7720909391520532,
    0.8047674503790292,
    0.7936023390173742,
    0.7857454488205807,
    0.7975807135367768,
    0.7291406241268218,
    0.7789919393427552,
    0.8059991773788169
  ],
  "epoch_times": [
    107.79003810882568,
    105.72555375099182,
    105.74557590484619,
    105.8583116531372,
    105.56368660926819,
    105.41657543182373,
    105.85160446166992,
    105.74821472167969,
    106.02867197990417,
    106.31628608703613,
    106.1326277256012,
    106.15641927719116
  ],
  "val_miou": [
    0.013822236286212295,
    0.18857565047759356,
    0.18799808459739858,
    0.2159196240134214,
    0.2554812441704621,
    0.28842115206433705,
    0.2911939917149067,
    0.2848800246983517,
    0.2954808204640279,
    0.24317992206009156,
    0.2916400482087446,
    0.29803284561956334
  ],
  "val_mf1": [
    0.025857410524890895,
    0.2236792208946853,
    0.25830374567440406,
    0.2935102083529851,
    0.33178183997462113,
    0.3705262436952966,
    0.37973682485151194,
    0.37239487071408905,
    0.3861341096690358,
    0.3188561877674415,
    0.3832763883704196,
    0.3874974902836874
  ]
}